parameter_name,mean_female,mean_male,sd_female,sd_male,n_female,n_male,SMD,v_SMD,lnRR,v_lnRR
activity onset with respect to dark onset median,-0.5658241758241759,-0.8316216216216217,0.6508711344637175,0.4429364615698936,273,259,0.47448332011297367,0.007735600025008869,-0.38509416914852596,0.005942199675756743
average duration,71.13623188405798,64.78137254901961,30.49576054043728,30.907688640503288,621,612,0.20686640010624593,0.0032616463767041457,0.09357869613491819,6.678885752265168e-4
breath rate during sleep mean,2.5810416666666667,2.817351543942993,0.23287478047986598,0.23311822525850023,864,842,-1.0137809275859442,0.0026462726773967176,-0.08760421062037083,1.7553225700216464e-5
breath rate during sleep standard deviation,0.7838078703703704,0.8108432304038005,0.08786492917016547,0.08728499186850794,864,842,-0.3085602917719966,0.002372960158206038,-0.033910804351018974,2.830684943585831e-5
center average speed,11.605523694086516,10.590727101732101,8.971861983538547,8.192050604945468,8692,8660,0.11811086369944025,2.309237374324552e-4,0.09150234876674561,1.3784694653775926e-4
center distance travelled,1962.8277190803324,1884.8770132784698,2599.1425659295733,2487.2793334307303,9025,8992,0.030640588098232138,2.2203934295109254e-4,0.04052357352090679,3.879433266929677e-4
center permanence time,189.16995096471592,190.38672652229846,136.6509155289162,128.82887478090947,9381,9328,-0.009161507656773607,2.138048034250343e-4,-0.00641158381902035,1.0471199000741576e-4
center resting time,59.833956111883786,54.06121682446066,87.10774817527698,68.87134911652828,6471,6443,0.07349597779683827,3.099519617197196e-4,0.10145627838967643,5.794204847616153e-4
conditioning baseline % freezing time,15.202261904761905,14.520252100840336,16.110735763123877,17.52399984022803,168,238,0.04015211822041081,0.010156047083513881,0.045899854742247045,0.012804912065309072
conditioning baseline average motion index,91.83928571428571,112.44117647058823,53.72510763047295,72.4232367212035,168,238,-0.314688133456963,0.010276018054869843,-0.20239005404048446,0.0037801106911620466
conditioning baseline freeze count,5.621993127147766,6.726726726726727,6.319760810616243,7.0197939016814965,291,333,-0.16462488981190565,0.00646114494864404,-0.17940240487744197,0.007612748700217731
conditioning baseline freezing time,11.274567010309278,13.608012012012011,16.92060078409251,19.173243821335642,291,333,-0.12835432885495277,0.006452630108411848,-0.18810925579208457,0.013701489944159834
conditioning baseline maximum motion index,882.827380952381,980.3235294117648,331.01742988325054,373.31073293690247,168,238,-0.27302159678736804,0.010245860629960602,-0.10475295930300633,0.001446128494540707
conditioning post-shock % freezing time,35.95428571428572,32.60970588235294,21.96843534670936,19.654908179000586,168,238,0.1617213658392252,0.010186270738158362,0.09763831974117358,0.0037486334169539396
conditioning post-shock average motion index,58.785714285714285,73.0126050420168,46.93008468550357,60.11855243409991,168,238,-0.2579495483892517,0.010236004936859487,-0.21673322698896846,0.006642269496808464
conditioning post-shock freeze count,17.721649484536083,17.306306306306308,9.413206718121863,8.695788475989216,291,333,0.04590299424201224,0.006441117489136669,0.023716065423243882,0.0017277253663837062
conditioning post-shock freezing time,40.26723367697595,39.896996996997,31.48053061683714,29.990772694752366,291,333,0.012047494448698385,0.006439545419619128,0.009237020285075738,0.0037972080342120397
conditioning post-shock maximum motion index,1238.3333333333333,1529.68487394958,877.0538029411268,980.1139978593169,168,238,-0.3097400266811305,0.01027221295978339,-0.211295359950245,0.00471078373424496
conditioning shock average motion index,637.375,863,240.4183899902605,315.61724402468633,168,238,-0.7848748919538582,0.010912717531077913,-0.3030565117081081,0.001408890251132443
conditioning shock maximum motion index,2130.4821428571427,2903.3109243697477,852.7241235106097,1049.080185806339,168,238,-0.793017877627474,0.010928541124941463,-0.3095034715542807,0.001502165629387239
conditioning shock minimum motion index,28.785714285714285,43.10504201680672,49.95340857468343,67.31080295079003,168,238,-0.23530897233599019,0.01022225166462747,-0.4037607420848137,0.028170898894139276
conditioning tone % freezing time,23.82952380952381,17.905210084033612,25.485763404277904,21.998671031925277,168,238,0.2515987247674157,0.010232019652118566,0.285833571453907,0.013151010820941039
conditioning tone average motion index,73.39880952380952,106.50420168067227,58.77075527182705,78.105076248973,168,238,-0.46700912483151097,0.010422654632871403,-0.3722767203046615,0.006075921983212097
conditioning tone freeze count,3.470790378006873,2.894894894894895,2.6823186818645377,2.720582703198662,291,333,0.21281583089683268,0.0064757196469891745,0.1814335380337108,0.004704689849419167
conditioning tone freezing time,6.242027491408935,4.904201201201201,6.1740852154402175,5.586575975593896,291,333,0.22771874503801906,0.006480980263144127,0.24121282233208285,0.007258847189345335
conditioning tone maximum motion index,581.7619047619048,739.4957983193277,332.04884277642725,385.9408225980665,168,238,-0.43178165257234336,0.01038366186541107,-0.2399073346681772,0.0030835574706420286
context % freezing time,50.098035714285714,48.143781512605045,20.046556209956773,18.8945485179958,168,238,0.10065628352855033,0.010166539072203775,0.03978981835122461,0.0016002449266747981
context average motion index,38.892857142857146,43.1890756302521,32.139299299339484,34.18863603218314,168,238,-0.12855669179132462,0.010174414854950757,-0.10477697158369058,0.006697583047315433
context freeze count,40.58762886597938,42.53453453453454,16.276756800558985,16.07258131224457,291,333,-0.12027123982320723,0.006451019801835571,-0.04685301081099585,9.814456730631973e-4
context freezing time,107.32301374570447,117.91592492492492,70.96927671950353,66.65805312755838,291,333,-0.1540008462119138,0.00645843253381103,-0.09412876285252966,0.002462321708557298
context maximum motion index,776.4047619047619,856.046218487395,323.7419360768593,477.51219964355323,168,238,-0.18890252473292404,0.010198007639244036,-0.09765038365442986,0.002342300175749235
cue baseline % freezing time,17.967321428571427,20.84689075630252,17.095764733530018,18.182377857514027,168,238,-0.16200746361603677,0.010186384799855895,-0.14865018099520688,0.008585170150694873
cue baseline average motion index,118.23809523809524,115.08823529411765,77.30313904706456,80.62349719421913,168,238,0.03966310022119542,0.010155999015683303,0.027001250190492532,0.004606290593471179
cue baseline freeze count,13.621993127147766,14.18918918918919,8.818948886461559,9.343040880506868,291,333,-0.0622373255568997,0.006442532873601487,-0.040794721669013316,0.0027423395373461284
cue baseline freezing time,22.103079037800686,25.48890990990991,17.762447415552938,20.415595588196172,291,333,-0.17591078267367155,0.006464224475178721,-0.14252653027525938,0.004145791272902745
cue baseline maximum motion index,1327.5892857142858,1333.5714285714287,551.1308932017901,571.4486672174652,168,238,-0.010603120603533365,0.010154200080519973,-0.004495897524335329,0.001797339737498566
cue tone % freezing time,45.32136904761905,42.82411764705882,26.32793318472143,23.109444300649788,168,238,0.10177584408746924,0.010166818179378574,0.05667720385834919,0.0032322742899064966
dark side distance travelled,3612.0251351351353,3451.1804761904764,1046.1120179962172,875.2346107007224,111,84,0.16410834595468263,0.020982826168160607,0.04555225478733657,0.0015213266131730995
dark side time spent,872.663340021692,786.4299112227806,169.56786376606112,186.72906584781072,1844,1791,0.48373263555627316,0.0011328333348880814,0.10404624200516567,5.195349391029426e-5
dark sleep bout lengths mean,196.81452546296296,275.3743705463183,45.23855679466109,72.72690505613764,864,842,-1.300305961901658,0.002840599707121213,-0.33586972917320185,1.4398729471626391e-4
dark sleep bout lengths standard deviation,288.8074537037037,362.1428859857482,86.11441144026668,99.94418157899295,864,842,-0.7865409611414991,0.002526370835197531,-0.22627863070606144,1.9335854120932857e-4
data confidence level,0.9805787037037037,0.9957244655581948,0.046841250206556884,0.025730887438685134,864,842,-0.3992302164253066,0.0023917688663093726,-0.015327666943373302,3.4341440000730327e-6
distance travelled - total,8370.625804070678,7736.596502646099,7581.40746120513,7038.308074435363,8942,8881,0.08666176429923006,2.2464242756391659e-4,0.07876678666538352,1.8492914977737889e-4
fecal boli,1.386968085106383,2.9402283411685697,1.7782571952169093,2.9310719903034452,1504,1489,-0.641316607765823,0.0014051934402027266,-0.7513671143478666,0.0017603856349705164
forelimb and hindlimb grip strength measurement mean,178.4475565199806,189.93075470360824,44.10551309984566,46.79390497057828,12362,12416,-0.25252290689730067,1.6272107949213355e-4,-0.06236479976124767,9.83053871594304e-6
forelimb and hindlimb grip strength normalised against body weight,8.899216933225414,7.660000223297057,2.457763142212238,2.06515547428041,12355,12405,0.5459977409666661,1.6757161059442085e-4,0.14995127493278065,1.2032905559174663e-5
forelimb grip strength measurement mean,88.7520078757985,96.19687798069188,24.015986982257118,26.942382225656157,12367,12430,-0.2916623450538115,1.6302614353063923e-4,-0.08055085166960918,1.2231516502362614e-5
forelimb grip strength normalised against body weight,4.4223941067961166,3.8778297667284,1.3102047356292914,1.1663897551603422,12360,12419,0.4390763024331266,1.653180789125864e-4,0.13140554389479703,1.4386311135231295e-5
horizontal activity,1848.7117117117118,1726.7619047619048,544.9828585692546,510.8980663438829,111,84,0.22894230079796377,0.021048167265295695,0.068241101182678,0.00182503224295367
latency to center entry,27.143434358818155,31.008783845800828,43.3741329975709,53.54800020470255,6566,6537,-0.07933981766029315,3.055153016134643e-4,-0.13313532548344473,8.450763464532733e-4
latency to fall mean,156.82325575173888,140.02911010152283,58.71690228994341,56.588216763966706,1869,1970,0.2913342196276133,0.00105371408481257,0.11326908137040008,1.5790497532345394e-4
latency to first transition into dark,87.01742950108459,116.06208821887213,121.668471298415,146.34579381547144,1844,1791,-0.21607014199348742,0.0011070684165330425,-0.2880168534986055,0.0019479241518306966
latency to immobility,17.96075085324232,18.61025641025641,15.000632309728346,18.472635188037078,586,585,-0.03857894343048254,0.0034165218484251665,-0.035523979675754075,0.0028745575761196826
learning difference,48.185483870967744,46.22549019607843,36.510774061147565,36.328963488365865,620,612,0.053782741086254575,0.0032480640919137667,0.04152642941138771,0.0019352480606819912
learning slope,16.170645161290324,15.473813420621932,11.515798359686661,11.14779850461773,620,611,0.06144054296181915,0.003251097718950144,0.04404843300081619,0.0016674369395675544
light side distance travelled,988.7202702702702,848.1313095238095,630.3584131954534,570.9619143814831,111,84,0.23127172659916753,0.021050916071525167,0.15337598069409733,0.009057105218154839
light side time spent,291.1847490780911,385.3865935231714,147.43346829415862,188.41003851475614,1844,1791,-0.5577210365341682,0.0011434324396873289,-0.280289027219013,2.724755675845581e-4
light sleep bout lengths mean,543.5957638888889,625.4608194774347,99.01608864726622,121.36265400182586,864,842,-0.7397922991691309,0.002505458162969089,-0.14028279967220914,8.31167487734673e-5
light sleep bout lengths standard deviation,839.3021875,873.3401543942992,238.9797120193568,229.49316221574256,864,842,-0.1451828910105667,0.002351233492960952,-0.039754301007683006,1.758452776058515e-4
locomotor activity,20.74080338266385,18.869638528822847,7.225824769400765,7.312076099041784,9460,9489,0.25740179166592864,2.128416913813927e-4,0.09454873462414438,2.865481304029741e-5
ma threshold inducing clonic seizure,6.091370558375634,7.197333333333333,0.8494869666312926,1.0301170210182649,788,750,-1.1736032189824832,0.003050140165289911,-0.1668374800094906,5.199363474550674e-5
peak wake with respect to dark onset median,4.10494212962963,3.2789311163895487,1.7533448243641476,2.063046025587344,864,842,0.43171681706703846,0.0023996805440442783,0.22467415513627675,6.813127702278847e-4
percent time in dark,81.05303318872018,74.4753432160804,10.922724521586154,14.377614816946435,1844,1791,0.5160912059268206,0.001137283523352013,0.08463556409227871,3.0657417342656014e-5
percent time in light,18.943318470715834,25.52116543104411,10.922650159927738,14.377176336013637,1844,1791,-0.5161147061576234,0.0011372868599513486,-0.2980568427369277,3.57489371604886e-4
percentage center time,15.807892632206013,15.935626911091354,11.45954225281861,10.816617251429758,9048,8998,-0.011462083756398431,2.2166111032736314e-4,-0.008047939873149482,1.0928436761805077e-4
periphery average speed,7.729297190843207,7.102094821057492,7.126226560977099,6.586566815274053,8693,8662,0.09139584401878342,2.30722521615978e-4,0.08462815303260021,1.9707933034145971e-4
periphery distance travelled,6115.888507201418,5599.6070298042705,5417.612314017263,4966.559325335539,9026,8992,0.09933030225639548,2.2227480839318327e-4,0.08819363617866686,1.7442261035554413e-4
periphery permanence time,1007.5039058836069,1006.8249989279589,136.9042123326495,129.65322970337175,9382,9328,0.005091401377816781,2.137918910247773e-4,6.740775845823076e-4,3.7458367662391678e-6
periphery resting time,404.112316131026,401.5669470743442,197.05649038598636,203.11735668221732,6472,6443,0.01271955131352395,3.0972520803683603e-4,0.006318587660079263,7.64490687756617e-5
repetitive beam break ('stereotypy counts'),288.8918918918919,347.2142857142857,125.01566093540232,112.70144710251826,111,84,-0.48463307740480854,0.02151599968227054,-0.18388958580047562,0.00294132919129763
side changes,58.57863340563991,54.45561139028476,28.983910425755088,23.656364623707336,1844,1791,0.15559339602731032,0.0011039766694389884,0.07298411253724356,2.381317950639636e-4
sleep bout lengths mean,369.1734259259259,447.3047862232779,63.13948244486854,86.56822195981395,864,842,-1.03281872101098,0.002657692003696172,-0.19197368804534512,7.833874295334039e-5
sleep bout lengths standard deviation,651.2911342592593,689.2979572446555,163.8529415343684,162.71676171065175,864,842,-0.23264960074135585,0.0023609192388234744,-0.056716873282432065,1.3943799406603534e-4
sleep daily percent,42.187719907407406,45.21826603325416,4.192779204808585,3.7435407499454896,864,842,-0.761604828353804,0.0025150564245933205,-0.06937193974616464,1.9571908030482395e-5
sleep dark phase percent,21.726921296296297,27.0008432304038,5.827758663811048,5.587183684429126,864,842,-0.9231754091451514,0.002594836882236489,-0.21731599191747708,1.341241504222815e-4
sleep light phase percent,62.648530092592594,63.435558194774345,5.110328263739246,4.628071148295394,864,842,-0.16126226098523982,0.0023526776444779173,-0.012484340172452662,1.4022798568343744e-5
time immobile,144.20278634812286,150.44242936752136,38.537727852458715,42.559657900812255,586,585,-0.15359923245767554,0.0034259601017707576,-0.042359934419861606,2.5868284290297917e-4
time mobile dark side,200.27014262472886,167.50433350083753,52.685278904160974,50.10428509237703,1844,1791,0.6369662225903409,0.0011564548900488503,0.17865794570205684,8.748823326149106e-5
time mobile light side,81.71720911062907,89.02566839754327,37.422226211513674,38.65872279426533,1844,1791,-0.19210375396117182,0.0011057228245144577,-0.08566011959750904,2.1901460239873535e-4
total distance travelled,4600.744504504504,4299.311071428571,1328.9314734195211,1247.0725855813191,111,84,0.23197541745718583,0.021051751924807925,0.06776334528754444,0.001753295791645486
total holepokes,39.89240972733972,38.90861027190332,13.254383474282278,14.93310712704495,1357,1324,0.0697119808063894,0.001493113018326424,0.02497050351962466,1.9260556768337404e-4
vertical activity (rearing),72.27927927927928,84.6547619047619,45.19597149609508,59.915099379685316,111,84,-0.2368874619690092,0.021057657246176344,-0.15804386659888234,0.009485835226294925
whole arena average speed,8.276681265984655,7.609860801886792,7.167038275042662,6.625083389301218,9384,9328,0.09660606741051529,2.1401785978136583e-4,0.08399719453035515,1.611591745025138e-4
whole arena permanence,1199.9762501381063,1199.970922427206,0.4992982843561867,0.5674499431832678,9051,8998,0.009969820360969304,2.2162359077671843e-4,4.439856811248401e-6,4.398074651848256e-11
whole arena resting time,495.53025269218466,501.3089885230076,292.2200458338001,303.4747921545412,9379,9323,-0.019398522219572924,2.1389284652732215e-4,-0.011594247751071571,7.638636826392708e-5
cone b-wave amplitude,121.46412844036698,119.1782075471698,22.57595222596992,25.214156371340657,109,106,0.09525665549128,0.018629376121955015,0.018999064688698775,7.392036629805031e-4
cone b-wave amplitude-left,118.21170454545455,117.81055555555555,23.394964789905085,19.353305286968084,88,90,0.018624728847755633,0.02247572185824369,0.003399250358818348,7.449299292175996e-4
cone b-wave amplitude-right,109.90329545454546,107.37355555555555,16.83222495872511,20.117211218655036,88,90,0.135673752659651,0.022526453562277678,0.023286919018455882,6.565804857426773e-4
cone b-wave implicit time,44.978348623853215,44.803396226415096,3.2719711789461976,2.6710685883021044,109,106,0.058289080631258816,0.018616175625456068,0.00389728711941607,8.208025316017292e-5
cone b-wave implicit time-left,40.22727272727273,39.72222222222222,1.4600210416313422,1.1901069518341598,88,90,0.37800483072467256,0.022876117283880025,0.012634406851770794,2.494289488000852e-5
cone b-wave implicit time-right,40.25,39.5,1.391683013187774,1.192203134791526,88,90,0.576831358986497,0.0234093947126975,0.018809331957496293,2.370714684967538e-5
eye size,3.226422018348624,3.26188679245283,0.1646012180762489,0.1262281623361305,109,106,-0.2405001095898399,0.018742786522646503,-0.010932009660395871,3.800557752537675e-5
eye size-left,3.2245454545454546,3.2565555555555554,0.05595378000048553,0.0557514772537914,88,90,-0.5706816733866897,0.023389572116150375,-0.009878062768940243,6.6781947360175525e-6
eye size-right,3.22125,3.245888888888889,0.041128128920554424,0.04646841247882393,88,90,-0.5587291237940525,0.023351652625802726,-0.00761975535847619,4.1296740479829335e-6
interpupillary distance,11.421928934010152,11.606632653061224,0.2814889982723085,0.26581444801677667,197,196,-0.6733380623232006,0.010755007561758087,-0.01604161677284331,5.759045208043818e-6
left anterior chamber depth,365.3580394736842,378.8896883116883,23.20793311574919,15.67702918055229,76,77,-0.680728708197913,0.02765925927341326,-0.036367300002787074,7.53248079068929e-5
left corneal thickness,100.92926184210526,100.0376896103896,12.105369070512662,6.456110588520493,76,77,0.09161637112698748,0.026172337656725934,0.008872882576718793,2.4337241037923033e-4
left inner nuclear layer,23.792548,23.658288311688313,2.323070482133971,2.652881840563798,75,77,0.05352843901834379,0.026329771628845467,0.005658911708780342,2.9040764217729725e-4
left outer nuclear layer,46.68114933333333,46.22839220779221,8.378086229085541,8.574314859935276,75,77,0.05313574785513035,0.026329633845675677,0.009746269370539918,8.762590733161957e-4
left posterior chamber depth,542.6474133333334,542.4053116883117,21.955325749331966,16.3104731943198,75,77,0.012479543467541768,0.026320858619705394,4.462486355849048e-4,3.3569864605808826e-5
left total retinal thickness,243.8212954173486,244.2585543219667,11.972966653334614,10.643584234195725,1222,1261,-0.038624447402005456,0.001611652429534446,-0.0017917519923515265,3.4790603306368584e-6
max left eye lens density,8.915214994487322,8.752653927813164,3.176265809983314,2.4778183569359187,907,942,0.057177209091053637,0.0021649910120984,0.018402406645939638,2.25023013116366e-4
max right eye lens density,9.201785714285714,9.107553191489362,3.413469399888398,2.7447454635310846,896,940,0.030491153041562805,0.0021801544049159845,0.010293474310412028,2.502031096386949e-4
mean left eye lens density,6.396141124586549,6.415711252653928,1.380044027009903,1.1254223311468068,907,942,-0.01556527800250669,0.002164172473601876,-0.0030550060540675238,8.39921950455968e-5
mean right eye lens density,6.702566964285714,6.72063829787234,1.34161750786512,1.2881782535872914,896,940,-0.013741767806022126,0.00217995264178108,-0.0026925528071044887,8.380078977781386e-5
min left eye lens density,4.8597574421168686,4.846815286624204,0.6452587709578893,0.6047855961242418,907,942,0.020700154774543005,0.0021642228301536324,0.0026666803049538927,3.596580804246073e-5
min right eye lens density,5.091629464285714,5.099255319148936,0.6975994120158449,0.6813892020327758,896,940,-0.011057900518189358,0.0021799345156866996,-0.0014966033761852596,3.9945747863628906e-5
right anterior chamber depth,354.6531337837838,368.8851973684211,43.679454058584184,18.602248477012832,74,76,-0.4237834999703292,0.027270049766512625,-0.03934525350961709,2.3844238045028475e-4
right corneal thickness,99.06155466666667,110.96046578947369,14.036855633183524,98.95149456053244,75,76,-0.16698686733775078,0.026583561228663108,-0.11343255258304476,0.010731636297952898
right inner nuclear layer,24.305495774647888,23.263046666666668,3.761348489701784,2.3541095212836205,71,75,0.3325307126212576,0.02779652761817727,0.043836366738442656,4.738423885226768e-4
right outer nuclear layer,47.79519154929577,46.48400933333333,7.919165705060937,8.689251390377768,71,75,0.1566998327141916,0.027501932285082253,0.02781667108781568,8.525663919996245e-4
right posterior chamber depth,541.0309583333334,541.1390666666666,17.775193307272797,18.09165093039846,72,75,-0.005995744338959394,0.027222344497562966,-1.997991650025366e-4,2.9894861850735156e-5
right total retinal thickness,244.96622833333333,245.1825072,11.246385445593454,10.531000651454015,1200,1250,-0.01985922561720458,0.0016334138208521324,-8.825030649851469e-4,3.2323131488386645e-6
rod a-wave amplitude,-218.5197222222222,-253.0506603773585,43.912159354493774,55.40561809692773,108,106,0.6890484150561369,0.01980253862222182,-0.1467134349792378,8.261663811102791e-4
rod a-wave amplitude-left,-158.79454545454544,-160.23134831460675,31.899017493214313,26.955519893091353,88,89,0.04846846855354493,0.02260622755666339,-0.009007498154202775,7.765526591245993e-4
rod a-wave amplitude-right,-135.42318181818183,-138.12829545454545,23.917372733962605,25.98856562102149,88,88,0.10784758544749978,0.022760315629792204,-0.019778374775244797,7.567217354036374e-4
rod a-wave implicit time,17.721192660550457,16.625283018867925,1.2495374883373644,1.089562784787829,109,106,0.9306632921249686,0.02062253968682362,0.06383663872381294,8.613191483971019e-5
rod a-wave implicit time-left,22.011627906976745,20.822222222222223,1.2028807192002884,1.0869788848592403,86,90,1.0342392483239014,0.025777798834371174,0.055550062487712694,6.500428824742632e-5
rod a-wave implicit time-right,22.103448275862068,20.866666666666667,1.1717059989071064,1.1237977346100172,87,90,1.0730931775336505,0.025858270673005595,0.05758063749625287,6.452723876291749e-5
rod b-wave amplitude,425.48899082568806,484.4714245283019,99.31339509020174,113.01861173174284,109,106,-0.552960291100879,0.019319355780371257,-0.12981937611116462,0.0010132209204775076
rod b-wave amplitude-left,429.02272727272725,444.7166666666667,84.31681460219188,77.28244019049704,88,90,-0.19331624138815484,0.022579722669085797,-0.03592748041376999,7.744659432640897e-4
rod b-wave amplitude-right,419.5625,429.0401111111111,59.67742658872678,68.86090501375477,88,90,-0.1463465117457523,0.022534908434017557,-0.022337911951777964,5.161274809083862e-4
rod b-wave implicit time,45.641467889908256,44.627169811320755,3.724336089403018,3.6576770548472646,109,106,0.27378764546515105,0.018782599015894474,0.02247382469164166,1.244607304003826e-4
rod b-wave implicit time-left,51.97701149425287,50.477777777777774,2.332664967093122,2.09990785125688,87,90,0.6732360504674636,0.023885722119276108,0.02926833875419322,4.237966892585963e-5
rod b-wave implicit time-right,51.632183908045974,50.455555555555556,3.2101399756800277,2.6014737012369,87,90,0.40170564008494986,0.023061204157770545,0.023052336436063876,7.396898095466836e-5
% pre-pulse inhibition - global,44.69316745128542,45.07328236037063,20.733642130534378,20.869553765135475,8612,8634,-0.01827238296062388,2.3194789801778473e-4,-0.008469025606768476,4.9819876039029206e-5
% pre-pulse inhibition - ppi1,19.203597948391593,18.7246393692762,29.971719464296154,30.969048444330916,8611,8635,0.015715677210286112,2.319454504101478e-4,0.02525738472310189,5.996678298362068e-4
% pre-pulse inhibition - ppi2,48.55600257403623,48.514402910365995,22.585339948303538,22.77879609079582,8612,8634,0.0018339266831154596,2.3193831560180478e-4,8.571029658180119e-4,5.065589922304697e-5
% pre-pulse inhibition - ppi3,59.41436924272442,60.19973427300521,19.85465331835063,20.197785675289108,8611,8635,-0.0392132269833051,2.3198287052670426e-4,-0.013131834678226982,2.6004799708673486e-5
% pre-pulse inhibition - ppi4,65.32300494857142,67.05057612121355,18.73474919141986,18.235314589587237,4200,4252,-0.09344878733739394,4.737952852896256e-4,-0.026102931559216058,3.697972804811621e-5
12khz-evoked abr threshold,27.93317415730337,26.885384002125964,13.729942709795987,14.443604937245809,3560,3763,0.07429752619427174,5.470211953684851e-4,0.03823222708161622,1.4456324014433552e-4
18khz-evoked abr threshold,28.629289525414208,27.193374135178285,11.238626649256403,12.134771375751296,3561,3758,0.12263835502784433,5.47946457324394e-4,0.05145695740810876,9.626296014489985e-5
24khz-evoked abr threshold,36.692059903927664,35.255345241269,11.11398249085529,12.27892840414464,3539,3751,0.1224918094960461,5.501903686643534e-4,0.03994322444899426,5.826355723711799e-5
30khz-evoked abr threshold,51.58047773518136,48.488157894736844,14.986873387434546,15.58692220405262,3391,3648,0.2020803931279491,5.719217977107022e-4,0.06182366142301992,5.322226112108306e-5
6khz-evoked abr threshold,40.90087176602925,39.63538788522848,11.972194782230364,14.566715363270413,3556,3764,0.09464580898217191,5.475015357479708e-4,0.031429024721310504,5.997919613765232e-5
click-evoked abr threshold,29.828220574606117,27.826582171525136,10.01478951244993,10.367998138367733,2158,2367,0.19618574480789708,8.901206485155941e-4,0.06946318748302172,1.1088742978281521e-4
response amplitude - bn,33.333251589896435,36.923196638932964,46.77913674479289,49.96680583353357,8690,8697,-0.0741694282803205,2.302151722776621e-4,-0.10228454372571025,4.372055263527564e-4
response amplitude - pp1,26.59844682967779,30.24878816180292,26.064665155407436,29.394570116288907,8690,8697,-0.13139503942272804,2.305534581318483e-4,-0.128603298686389,2.1908220516977955e-4
response amplitude - pp1_s,316.45556412885327,405.10581260800234,265.67633346638684,334.6029386083297,8616,8635,-0.29338588950461125,2.3436568849837845e-4,-0.24696546465096553,1.6081003141399353e-4
response amplitude - pp2,45.371904125638665,47.59037934011728,45.60676266280831,45.861906007647455,8690,8697,-0.0485055356511736,2.301246357531719e-4,-0.04773756448475353,2.2305079833437522e-4
response amplitude - pp2_s,209.50541808354225,265.8931638510481,201.9001511903556,249.5624432224698,8616,8635,-0.24838036781006406,2.3365899111715566e-4,-0.2383449874434485,2.0980882137116994e-4
response amplitude - pp3,60.00386548912543,65.97869907135794,58.230701592048916,63.735543798273504,8690,8697,-0.09786956156955966,2.3033242502369043e-4,-0.09492296362549983,2.1567089150378082e-4
response amplitude - pp3_s,169.3534068132312,211.97009737822813,166.9482119227123,206.55735607741008,8616,8635,-0.22688991390151012,2.3336295685585985e-4,-0.22445751856362153,2.2275871679917452e-4
response amplitude - pp4,93.2200552647381,104.28725298297672,83.84640851188345,95.65804213504632,4200,4253,-0.12298080905962426,4.741179930960681e-4,-0.11218625582306595,3.9044660470778674e-4
response amplitude - pp4_s,140.8530857495,167.4931766525041,134.42265845507853,147.6714059878678,4200,4253,-0.18859368833617152,4.7532722649742156e-4,-0.17322521189533902,3.996210323195879e-4
response amplitude - s,383.6165033257919,496.33406508579367,284.37071443543795,363.23007309507267,8619,8637,-0.34549732450918774,2.3526243352952643e-4,-0.2576058540217994,1.2576427680991486e-4
aortic diameter (dao),1.2383254344391785,1.2975102040816326,0.08520911232335217,0.0977395921713294,1266,1225,-0.6460285059312725,0.0016899880919141882,-0.04668718961254118,8.37213408092666e-6
cardiac output,14.902036402294971,16.172124946564885,3.5186806021372563,3.8983607818203265,2963,1965,-0.345571825424615,8.585180994797058e-4,-0.08179120294565079,4.838750114749917e-5
cv,2.7687919900023252,2.2636295112922,2.712965500520418,2.7149825786905217,4301,4295,0.1861176563919014,4.673478175688878e-4,0.20144161685792059,5.581575104327589e-4
ejection fraction,66.25494037723786,73.6028822346891,20.265789691135115,18.244490126852643,3128,2139,-0.3773384574138447,8.007179184604793e-4,-0.10517415194758249,5.863570583634702e-5
end-diastolic diameter,4.058137419768935,4.2154346181172295,0.2574374302269226,0.3711737713973025,1558,563,-0.5385863333555901,0.002486429173841722,-0.03802859363848404,1.635386049036365e-5
end-systolic diameter,3.0637521245186137,3.1493972824156304,0.361721549925429,0.47996740473095406,1558,563,-0.21590824700155145,0.002429036701575306,-0.027570746316970315,5.020037322551938e-5
fractional shortening,38.740075150745795,44.22217975034674,16.665654050183992,15.034825762056546,3151,2163,-0.34211389769647604,7.906930196444416e-4,-0.13235186967679616,1.1217128797310724e-4
heart weight,115.91213635444062,138.81017222052378,19.70509501468346,26.317672564613247,9886,9813,-0.9854361622560249,2.2770684535640458e-4,-0.1802748733992756,6.5864505337543e-6
heart weight normalised against body weight,4.9408785716078825,4.761963348542459,0.9968337118922815,1.0666351308865727,7967,7890,0.1733332065697523,2.532078275536202e-4,0.03688311250737986,1.1467984568849108e-5
heart weight normalised against tibia length,0.7718705035971223,0.6416046511627908,0.0521081420843584,0.049366837712149184,139,129,2.5566737187162034,0.02714129546936144,0.18484448865550743,7.86803803758908e-5
hr,667.3031116943104,700.1667661491051,137.10010371190816,120.27913309535622,9526,8437,-0.2538176522169423,2.252946227860599e-4,-0.048074161015058445,7.928929101868462e-6
hrv,20.637164556962027,17.00737874015748,18.73716208930966,18.74290954597756,3950,3937,0.19367313162008828,5.095429831772883e-4,0.19344626163497541,5.171790951077502e-4
lvawd,0.765160563835933,0.8098992931726907,0.10778659392713778,0.13321823856981632,1731,747,-0.38543848265723213,0.0019463651934087873,-0.05682421135001404,4.768345521528749e-5
lvaws,1.0960283495316159,1.1320259764868603,0.16521544554852105,0.20243239020474557,1708,723,-0.2032026708939243,0.0019770986207093416,-0.03231587239199944,5.753280421491506e-5
lvidd,3.376016822222222,3.189621437817846,0.7953895221417993,0.8040370847704335,3150,2163,0.23327593805011718,7.849023485629396e-4,0.05679432138275144,4.6999052965113674e-5
lvids,2.238827692063492,1.97111622283865,0.9732725735790276,0.9536106471457284,3150,2163,0.27729096210405985,7.870172191060822e-4,0.1273523842485184,1.682037345190438e-4
lvpwd,0.616616293968254,0.6106910503929728,0.10353219893605421,0.13348505761758844,3150,2163,0.05078472709698574,7.800238830286984e-4,0.009655755159323817,3.103821026087433e-5
lvpws,0.7520620198273106,0.6992125119214586,0.21982575975122012,0.23712081773553334,3127,2139,0.23277461437656327,7.924482162455803e-4,0.07286407491799916,8.108890287810784e-5
mean r amplitude,0.6654241745960503,0.5920557863013699,0.4042602989046198,0.3784331257028385,4456,4380,0.1873056946349734,4.5471227416236205e-4,0.11682382978577696,1.7610644521956113e-4
mean sr amplitude,0.9100209733907755,0.8076766127064803,0.5234662396308989,0.48623156698708986,3946,3935,0.20255535391606364,5.101538038727318e-4,0.11930590031941128,1.759542483913813e-4
pnn5(6>ms),6.952313633310947,4.127614379084967,14.088884232068352,10.916072349545368,2978,2907,0.22376846605926032,6.840473174928588e-4,0.5213748931617181,0.00378498389069981
pq,20.938696202531645,21.001358902717804,2.975273842938972,2.8647910041443576,3950,3937,-0.0214530416817952,5.07194241646026e-4,-0.0029882052685484646,9.837955595387892e-6
pr,29.291050650776228,29.004277290836654,5.2331876044373855,4.801351253551432,6377,6275,0.05708124985988524,3.163048634726543e-4,0.00983871892915665,9.372546183124466e-6
qrs,10.574828673937095,10.470211350015939,1.3587079657809709,1.380710908380744,6327,6274,0.07637477953987502,3.1767219403132775e-4,0.009942312828319054,5.38092691336695e-6
qtc,54.51550307009075,53.823647282394646,20.434417543315444,19.579002317727046,5179,5078,0.034563486069128166,3.9007362808969685e-4,0.01277221005675101,5.3187364201975765e-5
qtc dispersion,21.014976441552612,21.129895025102694,9.946444029807306,9.813784376436917,4457,4382,-0.011629389300792088,4.525801144152195e-4,-0.005453516139226956,9.94887707667785e-5
respiration rate,180.2122787028922,213.59570153061225,68.45801655131864,55.25450493999174,2282,1568,-0.5263343403771786,0.0011119448379751844,-0.16994950080460777,1.0591400080363087e-4
rmssd,2.265782281772152,2.0886512575565153,3.6652361979922232,3.9170256750101555,3950,3937,0.04669484759887306,5.073032929833458e-4,0.08140155122333505,0.0015558139989592288
rr,83.689054477026815,82.72834267729084,15.15122546425993,15.173726894694665,6377,6275,0.06335774652212597,3.1633473760159816e-4,0.011545937969736547,1.0500949199161568e-5
st,29.64778868885252,29.492600619195045,5.854570371613008,5.833366848664967,5499,5491,0.026553362425228325,3.639995141113402e-4,0.005248136769733044,1.4215840899606151e-5
stroke volume,28.919019770580295,28.380196081424938,8.898730369716025,9.501007651743723,2964,1965,0.0589202990648864,8.46639929594822e-4,0.018807921350397702,8.89811764895217e-5
basophil cell count,0.0326509009009009,0.041121685927940174,0.03471279807460276,0.0456556637407507,4440,4413,-0.20893899337303068,4.542940197983125e-4,-0.23066317248084975,5.338966665602858e-4
basophil differential count,0.47506226786104433,0.46502877379371405,0.4273735160424936,0.4061682768084492,4577,4518,0.02406062314294399,4.3985242361153313e-4,0.021346602877656072,3.456727145899857e-4
eosinophil cell count,0.1651175811870101,0.20575265177160912,0.12648505237550708,0.1442610695459212,4465,4431,-0.29957575934223707,4.546910125474911e-4,-0.22001689442608008,2.4236714823869671e-4
eosinophil differential count,2.5289281074058034,2.4889045005488475,1.9166798933990976,1.776948962082668,4618,4555,0.02164882009558887,4.361084728354511e-4,0.015952885955498677,2.3629008077334467e-4
eosinophils,1967.4828571428573,1803.098282442748,1540.299298101682,1373.0587563893705,1050,1048,0.11261691997765777,0.0019096019639534938,0.08724853501462133,0.0011370348235993212
hematocrit,50.02502116675271,50.78762761506276,4.6414159142930504,4.858856578149303,9685,9560,-0.16051968582638582,2.0852439813175965e-4,-0.015129470443311704,1.8462487264589954e-6
hemoglobin,14.898475118728062,14.974423640167364,1.2611638542101076,1.4125207533238937,9686,9560,-0.05673982089917133,2.079279410853611e-4,-0.005084788435839331,1.6705478186593986e-6
large unstained cell (luc) count,0.04361313868613139,0.0669872185027389,0.03583365853199015,0.05694872981420373,3288,3286,-0.49126212694313137,6.268131440378736e-4,-0.42914338160489507,4.252589839784663e-4
large unstained cell (luc) differential count,0.6976899696048632,0.7963470319634703,0.45099883868912005,0.528014275975999,3290,3285,-0.20091218778921047,6.114350063539831e-4,-0.13226022617122818,2.6083698765654517e-4
lymphocyte cell count,5.272062709966406,6.477993680884676,2.2596780457885033,2.2123939243971664,4465,4431,-0.5392190288159656,4.659888725661374e-4,-0.20598915323584172,6.746778967221643e-5
lymphocyte differential count,82.77637211273574,81.37995487752471,5.93783847459989,8.356742595441968,4719,4654,0.19284328490973007,4.287620443861218e-4,0.017013671603736378,3.356174631759687e-6
mean cell hemoglobin concentration,29.887597684515196,29.587522762951334,2.2491879961931565,2.5155797245600158,9674,9555,0.12579784137891006,2.084385952403873e-4,0.010090857002810628,1.3419481022050976e-6
mean cell volume,48.48215500360713,48.16903070816795,2.7712995655637545,2.7225098181860194,9703,9574,0.1139759814954066,2.07847403484988e-4,0.006479494041296753,6.70406088759864e-7
mean corpuscular hemoglobin,14.568411021338305,14.322635000524274,0.8696308579962265,1.093626770739615,9654,9537,0.24892310976072834,2.1005315185861287e-4,0.01701440299110398,9.804319803969424e-7
mean platelet volume,6.087842119275825,6.018464529971839,1.3456666805608077,1.3388035302284134,7512,7457,0.051684860541961974,2.673117552197132e-4,0.011461521800697963,1.3140055773962393e-5
monocyte cell count,0.16032236400268637,0.19377792823290454,0.13787357004038908,0.13896323423782903,4467,4431,-0.2416804180518732,4.52828746798456e-4,-0.1895262402501535,2.8162277857497124e-4
monocyte differential count,2.4365296610169493,2.444901160292222,1.4125626496595745,1.4555614020616445,4720,4654,-0.0058371062272560255,4.267351540893937e-4,-0.003429940027389909,1.4736559720796038e-4
monocytes,3814.217046580773,4261.458498023715,2799.2818724549975,3105.2310367426558,1009,1012,-0.1512206151821263,0.001984880084702161,-0.11087605869424697,0.001058491152547964
neutrophil cell count,0.7404948499776086,1.0063211382113821,0.5800760282219084,0.7890526055390655,4466,4428,-0.38408126209056576,4.5804275104363264e-4,-0.30673784369990725,2.762517005657695e-4
neutrophil differential count,11.31461224489796,12.69645770065076,5.1618707252722285,8.039675348151686,4655,4610,-0.2047330347801517,4.3400455168341725e-4,-0.11522802397270465,1.3168939388660892e-4
platelet count,1027.4831379059874,1235.7215575146936,209.36406074714745,266.15406591876325,9637,9528,-0.8702069828074278,2.2847688437506659e-4,-0.1845428001086301,9.17718442769904e-6
red blood cell count,10.319230054701208,10.543969912244044,0.7497549597092341,0.806090281858691,9689,9572,-0.2887604469541182,2.098457452430775e-4,-0.021544974045644014,1.155434577467504e-6
red blood cell distribution width,14.084223487356017,14.290739060832443,2.4429699454753715,2.446869759882672,7553,7496,-0.0844632341379531,2.6603923212569034e-4,-0.014556440006616865,7.894327134551423e-6
white blood cell count,6.4201569171648165,8.056995340773648,2.5634586309500427,2.586819613985718,9368,9229,-0.6356204406615182,2.259627975933698e-4,-0.22709814118270955,2.8187673242258955e-5
b cell total,180285.25255972697,161619.06597222222,82172.47776349548,80131.0538550596,293,288,0.22967457053000792,0.0069305877261080905,0.10929821133441454,0.0015625705190143934
b cells,232294.79094540613,237769.96816976127,132923.29775910205,138209.06785071542,751,754,-0.04035808936620042,0.0026583589911070467,-0.023296470294687052,8.841100271561481e-4
b1 total,10711.382252559726,9530.295138888889,8915.593222986687,6564.387730129486,293,288,0.15047682843490562,0.006904677973567372,0.11683125135578902,0.004011853765979039
b1b cells,9980.576819407008,9260.504697986577,9787.781767797893,9650.804910455332,742,745,0.07404867093428782,0.0026918344881510558,0.074882335993771,0.002753956224410635
b2 immature + mzb,13074.600746268658,11807.611307420495,7205.378367357155,6541.043608918411,268,283,0.18411348609884795,0.007295672420265993,0.10192712424222289,0.0022176251949395575
b2 mature,149363.23880597015,139269.40425531915,72414.85647220688,71764.59801481129,268,282,0.13984061390451274,0.007295220208268769,0.06997096612700392,0.001818653633582482
b2 total,169106.6928327645,152082.24652777778,79096.13374438371,76716.97817600858,293,288,0.21818652075652223,0.006926159971798016,0.10610836417809112,0.0016302119870589818
cd24+ cd4 t cells,1757.3783783783783,1505.974025974026,1032.4263176827244,799.161105785738,74,77,0.27163396362053827,0.026744847726328503,0.15438325861670169,0.008321122979994738
cd24+ cd8 t cells,1991.8918918918919,1736.8961038961038,1264.15956778014,908.0408868665897,74,77,0.23126421402469372,0.02667762297962736,0.13698521461231541,0.008992570370988374
cd4 cd25- nkt cells,1976.8424908424909,1405.669758812616,1662.4032898430885,1214.4874278062264,546,539,0.3916930298487851,0.00375749144238024,0.3409869843559878,0.0026801366190148594
cd4 cd25- t cells,45216.85131195335,43791.465693430655,24435.352792753507,23581.3558678864,686,685,0.059327714871053296,0.0029188636155674597,0.03203088278019392,8.490278960326674e-4
cd4 cd25+ nkt cells,111.33660130718954,99.26480263157895,142.92202365181907,130.868725595558,612,608,0.08803037213016725,0.003281899731856304,0.11476700358752365,0.005551353974529232
cd4 cd25+ t cells,6151.6909620991255,6272.481751824817,5873.470997118416,5895.803693933545,686,685,-0.0205152066095526,0.002917733453623773,-0.01944509280684847,0.002618634705983322
cd4 cd44-cd62l- t cells,3758.324384787472,3829.427927927928,4436.484599411634,4454.874048401251,447,444,-0.015980433148290438,0.0044895320252329824,-0.01874221023008685,0.006165359739545802
cd4 cd44-cd62l+ nkt cells,48.34256559766764,41.29051094890511,62.0105064924638,49.34072947641599,686,685,0.12577192967308579,0.0029233489549335685,0.15767973341555677,0.004483127574966004
cd4 cd44+cd62l- nkt cells,1629.1239067055394,1130.1109489051096,1394.7122448514547,995.8346124691801,686,685,0.4115210492619233,0.0029793412947191054,0.3657265769992659,0.002201960030303934
cd4 cd44+cd62l- t cells,13381.451895043732,12753.91094890511,8641.939715007768,8269.685971993837,686,685,0.07415432723207842,0.00291958538307126,0.04803159548854989,0.0012217466148008228
cd4 cd44+cd62l+ nkt cells,324.6909620991254,287.1459854014599,379.20472771846676,352.27656309030704,686,685,0.1025261918581397,0.002921413521572241,0.12288309773073831,0.0041855141628133075
cd4 cd44+cd62l+ t cells,18152.353637901862,17723.516835016835,12657.384732489318,12073.987030109707,591,594,0.03465002215333414,0.0033760556532481754,0.023907836850534575,0.0016039821308207877
cd4 effector,13121.676666666666,11324.593959731543,4016.0212342527257,4057.3262836441836,300,298,0.4446303073658251,0.006854335782346857,0.14728875278533185,7.429856443556585e-4
cd4 nkt cells,2014.8069666182873,1468.1758720930231,1637.6905061056575,1217.8665944200077,689,688,0.37853620546242384,0.0029568968329594545,0.31650266571088786,0.001959035614648632
cd4 resting/naive,26855.353333333333,24093.375838926175,7900.099333981703,8340.447040055255,300,298,0.339611414678507,0.006785472741169356,0.108528239089074,6.905882453858221e-4
cd4 t cells,51971.42960812772,50766.72238372093,27677.604795875675,27137.888868171303,689,688,0.043928565157618116,0.0029055678787077905,0.023453068231226996,8.26972963805323e-4
cd4 t cells total,53511.2,49205.20134228188,14795.443521910165,15161.756715723925,300,298,0.2871050904598384,0.006757958878283081,0.08389164153704505,5.734379350925644e-4
cd44+ t-regs,1177.7702702702702,1230.857142857143,882.9803446096913,936.0745263049265,74,77,-0.058014384585662875,0.026511671099264427,-0.04408774133611519,0.01510666940107009
cd62l+ t-regs,1074.5675675675675,1156.0389610389611,752.26043073264,824.6923420211807,74,77,-0.102603581964534,0.026535385755599192,-0.0730811550807154,0.013231923494137697
cd8 cd25- nkt cells,682.072131147541,693.9306930693069,526.0687125795039,572.4528160412598,610,606,-0.021560484561396063,0.0032897004196250717,-0.017236673228719974,0.0020981884161351766
cd8 cd25- t cells,39547.44281045752,38546.18092105263,20966.222189867465,20462.929697361866,612,608,0.04830084206918183,0.0032796799060068023,0.02564400808603213,9.227740517667563e-4
cd8 cd25+ nkt cells,19.024590163934427,19.107260726072607,52.89185035897893,37.68376523213614,610,606,-0.0017981688570940344,0.0032895106083243794,-0.004336044001778067,0.019089762203346274
cd8 cd44-cd62l- t cells,2997.8944543828266,2893.777777777778,3656.0770902098066,3589.8112942418725,559,558,0.028717367718031565,0.0035813926137278546,0.03534735567966759,0.00541854162219065
cd8 cd44-cd62l+ t cells,22247.239067055394,20980.94306569343,13175.815241791652,12121.978667686772,686,685,0.09996658407029846,0.0029212244982001596,0.058603361380668365,9.98614607011147e-4
cd8 cd44+cd62l- t cells,2082.3644314868807,2113.032116788321,1943.8107162407687,2000.5528136918838,686,685,-0.015540165752432729,0.0029176680353339775,-0.014619944120304913,0.002578765818394997
cd8 cd44+cd62l+ nkt cells,488.34795321637426,514.3016105417277,413.7038556932046,466.8747435873442,684,683,-0.058809917197900914,0.0029273821826771443,-0.05178171363593401,0.0022557616433438333
cd8 cd44+cd62l+ t cells,10907.137026239066,11156.05401459854,7080.67357317152,7481.742995843287,686,685,-0.034155222734638495,0.002918005410420936,-0.02256496349249926,0.0012709217750147585
cd8 effector,1731.2366666666667,1674.6711409395973,1226.6207518565682,1077.8821637023457,300,298,0.048917143096916214,0.0066910387728657,0.033219177125846176,0.0030635166334622745
cd8 naive,25645.703333333335,22843.275167785236,8465.471120950942,8105.571918089059,300,298,0.3377018797269483,0.0067843913419981,0.11571927556888834,7.857123701089577e-4
cd8 nkt cells,653.3085880640466,671.3454810495626,516.9369425701516,567.6096184956227,687,686,-0.033208333628800726,0.0029137316231486027,-0.027234291929673003,0.001953379825680587
cd8 resting,7977.683333333333,8466.362416107382,3278.3544943091106,3575.1835953229306,300,298,-0.14231407719245256,0.00670597222577404,-0.05945288939749977,0.0011613007353826455
cd8 t cells,38229.486211901305,37185.92151162791,20562.06925526496,20065.02970658879,689,688,0.05134051234371236,0.002905824280077038,0.027676872563464006,8.430612738282552e-4
cd8 t cells total,36600.63,34098.41610738255,10197.737942812002,10432.406090787814,300,298,0.24226658858977845,0.006738112529603296,0.07081451862707759,5.728790836829072e-4
cdc cd11b type,4634.956989247312,4839.766666666666,1841.463911859425,2151.660312799392,186,180,-0.10219230314064393,0.010946166399529505,-0.04323959078357014,0.0019466971816927351
cdc cd8a type,7500.274193548387,7305.6,5422.220640638193,4485.753623523,186,180,0.03898128906316367,0.010933975517119447,0.026298401660441364,0.004904405768970157
cdcs,8577.054739652871,9811.33510638298,6419.1330224858675,7398.49398281744,749,752,-0.1780916409810226,0.0026754658861062406,-0.13444777665587923,0.001503973753376387
dc total,12132.424731182795,12150.283333333333,6689.518675953122,5911.294541292171,186,180,-0.002820432600005418,0.01093191050884489,-0.0014708907526192337,0.002949469658846503
dn cd25- nkt cells,1274.5782537067546,1089.719734660033,1028.9968311915377,906.661566080331,607,603,0.19046484322660925,0.0033208116872657195,0.15669480346982637,0.0022217620831601432
dn cd25- t cells,7338.443163097199,5961.719734660033,4513.748535445477,4056.4833897217304,607,603,0.3205682850596727,0.003348285723993307,0.20776773146936206,0.0013910566433825205
dn cd25+ nkt cells,54.059308072487646,55.114427860696516,224.71945056057456,233.5352424707595,607,603,-0.00460153112777994,0.003305830000316704,-0.01932978901864389,0.05824300790372082
dn cd25+ t cells,246.9192751235585,273.86898839137643,387.9098153255165,560.3431385977343,607,603,-0.0559215502554076,0.003307113490273005,-0.10358838563536452,0.011008285104801245
dn cd44-cd62l- t cells,587.7563176895306,478.26039783001806,588.7957798327049,526.6669644950414,554,553,0.19587702142701122,0.0036307020486666206,0.2061570868070325,0.0040043411109537755
dn cd44-cd62l+ nkt cells,22.143906020558003,16.76764705882353,38.88134092810619,34.0840874821717,681,680,0.14695883278042765,0.002946951218751053,0.2781110759910598,0.010603624529681374
dn cd44-cd62l+ t cells,1245.2628487518355,974.6691176470588,995.2351125931718,1104.146645715672,681,680,0.25730570793794755,0.002963339656960187,0.24500386322666692,0.0028252087245933507
dn cd44+cd62l- nkt cells,671.0088105726873,557.2470588235294,554.2992554822188,517.7168275618188,681,680,0.21199301729478154,0.0029555273175201784,0.1857735731638262,0.002271386121180069
dn cd44+cd62l- t cells,2241.569750367107,1877.0088235294118,1852.5983203792046,1666.3199803158432,681,680,0.20678861239877713,0.002954726616137396,0.17749694338678057,0.002162001219744957
dn cd44+cd62l+ nkt cells,601.2966226138033,553.7588235294118,486.1788373485988,427.05727740454313,681,680,0.10382869946093476,0.0029429774863115096,0.08235910585121231,0.00183461693448612
dn nkt cells,1280.344966442953,1115.8360215053763,964.0943591047296,865.1046708425665,745,744,0.17950999833213854,0.0026971885318286854,0.1375256276268507,0.001568988569856099
dn t cells,7476.609898107715,6137.65306122449,4773.930328718543,4353.896671927658,687,686,0.29289880421771913,0.0029445717236911257,0.19733703557000262,0.001326998674701233
follicular b cells,204839.02887139108,208487.03713527852,100736.92191553992,105417.69931488906,381,377,-0.035351003225880924,0.005278016145944713,-0.017652421622883552,0.0013129383133184112
follicular b cells (cd21/35+),187815.75442477877,188252.35903083702,108926.15537364199,114547.32091841365,452,454,-0.0039027456567149506,0.004415040958200088,-0.002321945342329768,0.0015596696591115855
gd + b1,14080.306666666667,11561.963087248321,5958.600637550308,6030.094535721972,300,298,0.4195917144090065,0.0068362430537285135,0.19705646473280858,0.0015097427206369
gd t cells,1276.054054054054,939.1038961038961,552.1104438820312,356.42710129457356,74,77,0.7244651856731016,0.02823843976295154,0.30660170655325275,0.004400559018652798
inkt,3571.5066666666667,2730.4362416107383,1614.805326998448,1599.5352958243363,300,298,0.5226506723819032,0.006917435794983167,0.2685261503477397,0.0018330370144717285
klrg1+ cd4 t cells,1010.7297297297297,854.1168831168832,648.3141952914222,526.0574306756864,74,77,0.26449512245613427,0.026732174413781753,0.16835980373755927,0.010486457488588063
klrg1+ cd4+ nkt cells,83.48648648648648,56.8051948051948,130.22091274543132,67.64750724022885,74,77,0.2573329716007947,0.026719798878913573,0.385057000891328,0.05129515172412469
klrg1+ t-regs,270.72972972972974,285.4155844155844,264.80286269286614,338.1877534684477,74,77,-0.04799367730633985,0.026508153629868837,-0.05282529310498723,0.03116179334975773
macrophages,2336.351170568562,2048.1496598639455,2016.9337966387973,2028.2948347244417,299,294,0.14231150944507645,0.00676291851189646,0.1316536029214825,0.005828238355166239
mzb,26978.08695652174,26471.735714285714,21002.803731666958,16165.989831489096,138,140,0.026969760273694948,0.014390542170223324,0.01894735530560299,0.007055769309387559
mzb (cd21/35 high),29846.088888888888,30549.409292035398,26802.472615486153,27734.010228835075,450,452,-0.0257664199270137,0.004434979622928282,-0.02329154389824943,0.003615497621825366
nk cells (panel a),11662.708,12029.626168224298,6415.522820796047,6456.2344447040305,750,749,-0.05698262305417321,0.002669529879797452,-0.03097605358770527,7.88030737604854e-4
nk klrg1+ cells,1353.7702702702702,1174.3636363636363,656.0422962328735,588.9454203353408,74,77,0.2866474983920561,0.026772601958587508,0.14216707783122806,0.0064398114685562955
nk subsets (q1),1413.7114427860697,1316.328903654485,1766.024246018908,1497.5532462163203,603,602,0.05943636419917229,0.003320970203709553,0.07137174660332644,0.004737945319308055
nk subsets (q2),2867.223880597015,2652.2308970099666,2034.221969506472,2092.1639065385125,603,602,0.10412998212621034,0.0033240035529993406,0.07794313888384506,0.0018683965086033374
nk subsets (q3),2053.925512104283,2475.484052532833,1348.7533720515053,1656.3034386978109,537,533,-0.279017981617269,0.003774748988684778,-0.1866831076284725,0.001642920055100906
nk subsets (q4),2436.5083798882683,2488.033771106942,950.900333592283,935.114245957523,537,533,-0.05459743624132584,0.0037397629354036332,-0.020926725771461072,5.486617281338379e-4
nk total,18660.806666666667,19453.959731543626,10016.577469874072,8840.301838608204,300,298,-0.08383709195862889,0.00669491483565777,-0.041625210303423116,0.0016533598955184494
nkt cells (panel a),4244.208,3523.714285714286,2887.55716779178,2420.7828209871604,750,749,0.2702625849997633,0.0026928103486168714,0.1860396018298625,0.0012473000934221227
nkt cells (panel b),2433.458456973294,2094.1324404761904,2645.948829536243,2863.3216027741732,674,672,0.12302638663870497,0.0029773971599780335,0.15017412078903972,0.004536138778256256
nkt dn klrg1+ cells,164.95945945945945,140.92207792207793,208.99527681555548,138.8309997076876,74,77,0.13533165389976415,0.026561171058629963,0.15749264469910604,0.03429581537548486
nkt effector,4628.89,3479.2147651006712,2215.5484515209296,2192.5739131201626,300,298,0.5209438474551097,0.006915946469615339,0.285510472422086,0.002096329856627893
nkt resting,3102.52,2687.8657718120803,1620.9658305093694,1615.7469409558926,300,298,0.25589505552714975,0.006743789101088508,0.1434671991577892,0.0021225011728258146
nkt subsets (q1),523.1658374792703,464.01827242524917,474.92882735931823,426.6108257774932,603,602,0.1309389907390631,0.003326618476699822,0.11997457099566486,0.002770758535724768
nkt subsets (q3),458.2588454376164,328.35084427767356,523.594606165286,351.93794147099607,537,533,0.29079769730203886,0.003777885561904588,0.333351505272474,0.004586456505050119
nkt total,7904.886666666666,6268.083892617449,3648.38063960717,3652.868863281609,300,298,0.44779872079732913,0.006856699983115667,0.2320104249648038,0.001849726391888776
number of live cells acquired panel 1,292555.63636363635,282994.0557377049,83037.65244537761,84834.0930836332,308,305,0.11377487208431551,0.006536000271765762,0.03322896541229827,5.562030945804558e-4
number of live cells acquired panel 2,375088.33766233764,338597.2039473684,160405.78095576522,162515.21542996736,308,304,0.22573341532239188,0.006577857302526773,0.10235035334991398,0.0013515634130025528
others,241007.09466666667,249840.8504672897,138107.67234141068,145694.4688088707,750,749,-0.062200612618727925,0.0026697373170489563,-0.03599774550852739,8.918617900780098e-4
percentage of live gated events in panel a,76.69630344352618,77.92723154269973,20.890312315409922,18.647854798707904,726,726,-0.062133243593215925,0.0027561503236774843,-0.015921950088656107,1.8106464802242374e-4
percentage of live gated events in panel b,74.10689573002755,75.31983597811218,19.065401768069997,17.23834219522982,726,731,-0.06671441103807618,0.0027469269137825937,-0.01623493836276067,1.628234668377766e-4
rp macrophage (f4/80+),6609.274678111588,6728.670995670996,4083.966147410167,3537.611421502706,233,231,-0.031190544437580285,0.008621898152375086,-0.017903732669709627,0.0028353067650625967
t cells (panel a),101294.34687953556,97237.08575581395,54749.129955363904,53027.401839644066,689,688,0.07523870209249077,0.0029069226875152545,0.040878424571362953,8.562622989905401e-4
t cells (panel b),90486.49061662199,86626.9986631016,39349.882081680924,36717.014866737576,746,748,0.1013692330537783,0.0026808199659042603,0.04358903477499563,4.93675846539716e-4
t subset,34665.30016583748,38149.673300165836,16335.506191199207,18221.532732657513,603,603,-0.20123411080574796,0.0033335386265969237,-0.095778002730078,7.465929476190962e-4
t/nkt/b1,105076.72666666667,95595.59395973154,29342.36903524704,30013.764359986544,300,298,0.3190554718599745,0.006774152073229435,0.09456408275503074,5.907171427350372e-4
total cell count in spleen,126212837.83783785,113899411.76470588,33714018.16858856,29654358.448632807,296,289,0.3870393627203247,0.006966619724420558,0.10265396511437129,4.75608838409822e-4
total number of acquired events in panel a,488749.48930481286,473845.5561497326,269674.67324622156,258876.17462166186,748,748,0.056355379764943286,0.002674858264982771,0.030968628705475232,8.060440671720232e-4
transitional b cells,15238.746376811594,20556.364285714284,9556.018617139576,13937.709462224831,138,140,-0.4432215353834962,0.014742552892270958,-0.2993293024618409,0.006133240948113013
transitional b cells (cd21/35 low),18736.902654867255,19877.334801762114,15368.823622023612,16118.877941294048,452,454,-0.07235221939921521,0.0044179215389000505,-0.059085144682963976,0.002936924253304546
tregs,5197.516666666666,4838.298657718121,1946.634740373839,1795.093631595154,300,298,0.19158164951262444,0.006719726600241297,0.07161780548319377,9.29506182178719e-4
tregs effector,2324.33,2196.238255033557,844.8581213735453,835.574505649389,300,298,0.1522538315516904,0.006708420330000655,0.056685812698466925,9.261337714360936e-4
tregs resting,2815.943333333333,2605.4161073825503,1212.6137281238146,1109.5355178311797,300,298,0.18088768969721047,0.006716396188747999,0.07770491841808795,0.0012266963957439903
area under glucose response curve,12444.669034545614,18659.572462839613,5238.053553979221,6365.969361213553,11466,11410,-1.0663554859623625,1.997106566618784e-4,-0.4050669419825565,2.5652101977873843e-5
fasted blood glucose concentration,98.38038651392867,105.36024090869527,25.689864119680145,26.678358994061682,11523,11489,-0.2665195787169331,1.7536611658463625e-4,-0.06854388381632022,1.1498157728827421e-5
glucose,235.85082829525484,258.7537968274806,70.51816681931628,82.65343996566209,9104,9141,-0.2980557927506422,2.2167361349602804e-4,-0.09267749651937782,2.098195227774572e-5
initial response to glucose challenge,234.1909300182561,261.98246508726004,69.48090496289161,71.51716029100916,11503,11460,-0.3941682608300469,1.7757689914906242e-4,-0.11214085146513648,1.4154749114496096e-5
insulin,851.691408094435,1634.3069402985075,950.7619599619422,1827.5534025011514,1186,1206,-0.5358016434618663,0.0017323667889002014,-0.6517498395911699,0.0020876109107294868
respiratory exchange ratio,0.9070274176285414,0.9069459165888578,0.04657038480991294,0.048370153537444956,2859,6426,0.0017040754252923647,5.053906068299939e-4,8.98591376190734e-5,1.364712434549335e-6
total food intake,3.3126838087585377,3.075970608982492,1.2734240421242586,1.4408040946479856,2489,3941,0.17170643863951857,6.578031037334165e-4,0.07413818255882407,1.1504149165324494e-4
total water intake,3.297737765466297,37.816862509992006,0.8131570328079218,38.90877551123356,1083,2502,-1.0615655538153956,0.0014802130368282557,-2.439518393525248,4.792360019402509e-4
body length,9.414006043370067,9.689412743362832,0.7184439306745409,0.7222732779309944,8439,8475,-0.3822984187597428,2.4081199959592365e-4,-0.028835234731683722,1.3457982926693666e-6
bone area,8.519131813761469,8.846858528067289,1.1544689617529544,1.0629109791305429,10900,10938,-0.2953575341699486,1.8516485704416752e-4,-0.03774799156777857,3.004503652997518e-6
bone mineral content (excluding skull),0.4455983963302752,0.466304747668678,0.07940367517503628,0.08112076247418826,10900,10938,-0.2579553693560313,1.8469102472409824e-4,-0.04542129563113455,5.680036367970657e-6
bone mineral density (excluding skull),0.052523614805981104,0.05294412001279941,0.007948546530562461,0.008491368518037832,10901,10938,-0.051124139195285835,1.832189349475258e-4,-0.007974143670751698,4.452573810976374e-6
fat mass,4.453654166742348,5.9977930387794025,1.8668302325944017,2.4392923173070726,11011,11011,-0.7109039989070469,1.9311108200122673e-4,-0.2976666544175044,3.097861271825184e-5
fat/body weight,0.18663437047272727,0.2044726335392442,0.06655474043833413,0.07053001015341308,11000,11008,-0.260130640658892,1.8328946308824196e-4,-0.09128268043646288,2.236923579127328e-5
lean mass,17.48456568289139,21.30611274064657,2.141312579828968,2.890461946456427,11012,11012,-1.5023545996434424,2.3286118196217328e-4,-0.19767548387712527,3.0333433492140514e-6
lean/body weight,0.7467722592491591,0.73932538168771,0.07656137516951447,0.08087992210399751,11001,11009,0.0945590512058853,1.8193872037835777e-4,0.010022140791592745,2.0425386301121384e-6
left kidney,0.14184671669793622,0.1850494633273703,0.016364880337436986,0.020783307869882525,1066,1118,-2.3024674887406884,0.003046221212569518,-0.2658761439875014,2.3768858336807405e-5
number of caudal vertebrae,27.688777339548224,27.724717050018256,1.5676814353552453,1.5294093657129606,2789,2739,-0.02320117487792376,7.236968907711895e-4,-0.0012971466934276008,2.2603875121455287e-6
number of center entries,118.86127607735648,114.59311926605504,111.05698020130299,102.10583336255884,6567,6540,0.04000497405318507,3.0524278423120824e-4,0.03656930468089957,2.5433293546697154e-4
number of digits,20.000693361067775,20.0005249343832,0.04163198718648745,0.0349969377050515,5769,5715,0.00437746204926445,3.483192289768075e-4,8.421077744720322e-6,1.2867896155396455e-9
number of lumbar vertebrae,5.99851506151888,5.994854202401372,0.03851036281110607,0.07449378935957558,4714,4664,0.06182767926942452,4.267461120909743e-4,6.104805331421211e-4,4.185069941437544e-8
number of rears - total,120.20968921389397,138.47899004791742,61.33211074817509,84.418745712223,5470,5426,-0.247742855819369,3.6992965215967144e-4,-0.14148098976241785,1.1607980780361593e-4
number of ribs left,13.001366586949095,12.99982731825246,0.048888320491430166,0.04738375890157842,5854,5791,0.031968801870974284,3.43548997854649e-4,1.1839984764118618e-4,4.709541657740123e-9
number of ribs right,12.999316706525454,12.998445864272146,0.03696421870165505,0.04355928756776143,5854,5791,0.02156544092230278,3.4352508475671463e-4,6.69936307990289e-5,3.320451674021157e-9
number of signals,30.375740925740924,30.538493935309972,15.681094624896279,15.95544002554379,6006,5936,-0.010288417656477455,3.349682102616073e-4,-0.005343690098867265,9.035877395836156e-5
number of thoracic vertebrae,13.00021213406873,13.000214408233276,0.014564822990048257,0.014642685316435568,4714,4664,-1.5571385617622871e-4,4.265423033003453e-4,-1.749328643959522e-7,5.382767375597821e-10
right kidney,0.1493685098406748,0.19451964285714285,0.019502454310613503,0.022384757354115544,1067,1120,-2.1464563142874415,0.0028833963893497095,-0.2641166765361379,2.780090402522693e-5
spleen weight,1.9291074686256504,2.1579359804520464,6.500092676528011,7.677665354695181,3267,3274,-0.032162629047309585,6.116070629013574e-4,-0.11209475578380451,0.007341541008934605
tibia length,17.911089560340148,18.07947766636281,0.7475192654628242,0.7296114643158191,5527,5485,-0.22795068134371982,3.6560469891353106e-4,-0.009357414883132959,6.120625348671566e-7
alanine aminotransferase,39.564773701762746,44.90307253947525,33.26446338829206,47.75876404207138,8396,8423,-0.12967100981024732,2.3832674913622917e-4,-0.12656705374261698,2.1849555228824257e-4
albumin,28.33393137022085,26.615086288416077,3.6319522480955753,3.4125599017437995,8422,8460,0.4877714953677455,2.439865408410838e-4,0.06258186606708739,3.894249216488033e-6
albumin to creatinine ratio,14.420502754820937,20.831491436464088,6.740529447924319,8.340140563474558,363,362,-0.8447282002624252,0.006009366174016394,-0.3678148567615316,0.0010446844306605013
alkaline phosphatase,131.14428622797556,84.92621483071053,60.413199233575085,40.934780262804004,8343,8388,0.896081312910259,2.6307511780911813e-4,0.43451531997683746,5.313329346207575e-5
alpha-amylase,533.7747145187602,663.8418295739349,93.24061406557878,113.03726706939518,5517,5586,-1.254492561871523,4.31147463003069e-4,-0.21807004560841284,1.0721389372588655e-5
aspartate aminotransferase,74.53410345655305,67.31059751434034,94.44217913356403,93.02209745443075,8332,8368,0.07706099895016005,2.3969986747543291e-4,0.10193909412601276,4.209317493162175e-4
body temp,36.89518448438978,36.9152749490835,0.8760748749834227,0.6825753122562983,1057,491,-0.024497486520248534,0.0029829275109768015,-5.443798980273816e-4,1.2297362386456428e-6
calcium,9.114231147501792,9.146116640949556,0.6035008364526843,0.6231791801479447,8366,8425,-0.05197471254208958,2.3830623981788878e-4,-0.0034923240481851076,1.0751194701500068e-6
chloride,111.35349740932642,109.89175475687104,2.7598047356837765,2.7393964248785125,6176,6149,0.5315796580309876,3.360087353052714e-4,0.013213968729540117,2.0051746769581234e-7
creatine kinase,260.14173311823,217.80478587699318,357.51583645701356,317.83882319021706,4339,4390,0.1251932024174089,4.591560565046802e-4,0.17762742588437203,9.203734722600682e-4
creatinine,3.551515335867266,3.501962907799661,15.307311681528748,15.205094828400027,7564,7667,0.003247913749469291,2.626346405193617e-4,0.014050725495996253,0.004914783608138294
free fatty acids,0.6052810207336523,0.6234373653431825,0.43823417181834273,0.47230631456010835,3135,3249,-0.03982122113696161,6.268904733539802e-4,-0.02955545626149022,3.43858838670633e-4
fructosamine,214.87938268792712,208.8102842435094,27.16106932131713,23.7541035288934,4390,4468,0.2379879766053409,4.5480123243197234e-4,0.028650751113082296,6.5358952656172325e-6
glycerol,0.12662549317147193,0.1390420556107249,0.028820536382597857,0.03792989695353781,1977,2014,-0.3680863341990789,0.001019315359459275,-0.0935425884182667,6.31529989643477e-5
glycosilated hemoglobin a1c (hba1c),3.946740331491713,4.167900552486188,0.1646801112268413,0.1852915978461541,362,362,-1.2603774588726973,0.0066219277201895015,-0.05452243871075454,1.0269155953673992e-5
hdl cholesterol,60.04451345755694,83.09191489361702,11.09750008862997,15.247520632914835,483,470,-1.7306232546467637,0.005769436395969075,-0.3248612253127883,1.4236685864828631e-4
hdl-cholesterol,53.86422103552077,68.74003907578116,10.76093107764415,13.710201924837355,8305,8353,-1.2065829312687388,2.8382485276875563e-4,-0.2438653850593092,9.568127036151354e-6
iron,0.1392576198932701,0.12022700878943507,0.026662447905943576,0.02186688078651802,6746,6815,0.7808374965019377,3.1745130569480986e-4,0.1469439026598081,1.0287995848124215e-5
lactate dehydrogenase,275.5858888888889,302.1587638376384,163.58775515226552,162.73185044003304,540,542,-0.16275120318881445,0.0037091105765924568,-0.0920532509009021,0.0011876699695370623
ldl-cholesterol,16.89998031832298,17.785234455899197,5.842676147478602,7.8409484414969866,2576,2619,-0.12786106799515928,7.715973614248848e-4,-0.05105613077027179,1.206120837153943e-4
lipase,61.18753807106599,57.85999165971643,32.13465197452668,27.1377231410214,1182,1199,0.11191464269130441,0.0016826822193461767,0.055917387091813556,4.168202959306541e-4
magnesium,4.829396873949579,4.608135935919056,5.358014570007862,5.443366428611423,2380,2372,0.04096180618541337,8.419297709441897e-4,0.046898166108670904,0.001105444717065702
microalbumin (calculated),0.9876536284916201,1.435713286516854,0.4737805071758174,0.5483687536476305,358,356,-0.8736328654199436,0.0061367627130535715,-0.3740850106421567,0.0010525681947751414
phosphorus,6.733555976956313,6.454890800380002,1.7167443181830186,1.5657382333531138,8332,8421,0.16964368865257345,2.3962886549084802e-4,0.04226527398111871,1.47885068270018e-5
potassium,4.148636437510158,4.444527004909983,0.7052813791318437,0.6199744664220088,6153,6110,-0.4454913863999009,3.3428039386550873e-4,-0.06889374173269429,7.881674425717602e-6
sodium,147.1524133462909,148.59399120664386,3.8659763804965217,2.975063251059614,6174,6141,-0.4177520543538337,3.318950151809237e-4,-0.009748820309415693,1.7706920346446954e-7
thyroxine,4.503652653342522,4.076587030716723,0.8583667895917161,0.6699170770567274,1451,1465,0.5548626721652522,0.0014245639563618914,0.09962864200279872,4.3468696493585636e-5
total bilirubin,0.11133523375151515,0.1043718233288705,0.0419267947915703,0.03972391716301781,8250,8216,0.17048652175714887,2.4380844660061387e-4,0.06458602625193186,3.4820543779164e-5
total cholesterol,82.0661177965149,99.61706261251125,15.347778732349115,24.67947528791106,8895,8888,-0.8540858504952288,2.4544407241749105e-4,-0.19380822433010794,1.0837617335782745e-5
total protein,48.339901772879735,48.50465584646369,3.785231981957854,3.624898871366532,8348,8441,-0.04446018653281986,2.383174158713904e-4,-0.0034024469020370552,1.3961528452354258e-6
triglycerides,82.47276799168014,114.71196050632912,32.57201705241423,43.605388336625595,8654,8690,-0.8374003581541676,2.5084391796666486e-4,-0.3299561412259677,3.465212344557323e-5
uibc (unsaturated iron binding capacity),31.830654515327257,34.907766990291265,5.971884498502973,5.612296031974865,1207,1236,-0.531037885858848,0.0016952780789809467,-0.09227955038623793,5.0075581551868386e-5
urea (blood urea nitrogen - bun),25.676859118815457,26.07150323689827,5.78217313966092,4.939268460326949,8307,8434,-0.07343152823087282,2.391091516371819e-4,-0.015252724960032441,1.0360144802977794e-5
uric acid,16.40450139275766,20.678039215686276,11.039485725612568,15.057758178749376,359,357,-0.3234903641666002,0.0056597125951257125,-0.23151645731901252,0.00274683749158796
